Dataset,Criterion,MaxDepth,Trial,Accuracy,NodeCount,ActualDepth,TrainingTime(ms)
Adult,IG,0,1,0.805,1368,15,388.943
Adult,IG,0,2,0.77,1357,15,308.855
Adult,IG,0,3,0.776667,1390,15,350.283
Adult,IG,0,4,0.786667,1340,15,321.122
Adult,IG,0,5,0.778333,1304,15,293.009
Adult,IG,0,6,0.798333,1292,15,330.614
Adult,IG,0,7,0.775,1319,15,287.377
Adult,IG,0,8,0.758333,1404,15,303.671
Adult,IG,0,9,0.773333,1338,15,316.608
Adult,IG,0,10,0.758333,1303,15,319.377
Adult,IG,0,11,0.773333,1340,15,364.709
Adult,IG,0,12,0.775,1363,15,308.123
Adult,IG,0,13,0.76,1382,15,311.625
Adult,IG,0,14,0.778333,1390,15,355.022
Adult,IG,0,15,0.806667,1395,15,313.237
Adult,IG,0,16,0.811667,1343,15,292.575
Adult,IG,0,17,0.798333,1354,15,315.467
Adult,IG,0,18,0.768333,1454,15,370.037
Adult,IG,0,19,0.778333,1366,15,283.322
Adult,IG,0,20,0.785,1379,15,317.838
Iris,IG,0,1,0.9,19,5,10.506
Iris,IG,0,2,0.966667,15,5,0
Iris,IG,0,3,1,17,5,20.884
Iris,IG,0,4,0.933333,15,5,9.62
Iris,IG,0,5,0.933333,15,5,9.848
Iris,IG,0,6,0.966667,15,5,7.529
Iris,IG,0,7,0.933333,15,5,12.533
Iris,IG,0,8,0.933333,19,5,12.328
Iris,IG,0,9,0.933333,17,5,6.419
Iris,IG,0,10,0.966667,23,5,8.34
Iris,IG,0,11,0.933333,15,5,15.82
Iris,IG,0,12,1,15,5,0
Iris,IG,0,13,1,15,5,0
Iris,IG,0,14,0.966667,19,5,15.923
Iris,IG,0,15,0.933333,17,5,0
Iris,IG,0,16,0.766667,15,5,15.907
Iris,IG,0,17,1,17,5,0
Iris,IG,0,18,0.866667,17,5,0
Iris,IG,0,19,0.866667,15,5,15.875
Iris,IG,0,20,0.9,19,5,0
Adult,IG,2,1,0.751667,7,2,91.82
Adult,IG,2,2,0.756667,7,2,87.109
Adult,IG,2,3,0.766667,7,2,64.734
Adult,IG,2,4,0.741667,7,2,55.159
Adult,IG,2,5,0.75,7,2,67.226
Adult,IG,2,6,0.75,7,2,67.565
Adult,IG,2,7,0.756667,7,2,94.461
Adult,IG,2,8,0.755,7,2,120.613
Adult,IG,2,9,0.745,7,2,77.796
Adult,IG,2,10,0.74,7,2,79.107
Adult,IG,2,11,0.753333,7,2,62.74
Adult,IG,2,12,0.745,7,2,64.948
Adult,IG,2,13,0.756667,7,2,89.798
Adult,IG,2,14,0.77,7,2,85.701
Adult,IG,2,15,0.775,7,2,63.778
Adult,IG,2,16,0.765,7,2,62.763
Adult,IG,2,17,0.763333,7,2,64.08
Adult,IG,2,18,0.736667,7,2,61.068
Adult,IG,2,19,0.725,7,2,59.213
Adult,IG,2,20,0.723333,7,2,71.738
Iris,IG,2,1,0.6,3,2,3.706
Iris,IG,2,2,0.633333,3,2,0
Iris,IG,2,3,0.633333,3,2,0
Iris,IG,2,4,0.533333,3,2,0
Iris,IG,2,5,0.566667,3,2,0
Iris,IG,2,6,0.633333,3,2,15.722
Iris,IG,2,7,0.6,3,2,3.103
Iris,IG,2,8,0.633333,3,2,0
Iris,IG,2,9,0.7,3,2,0
Iris,IG,2,10,0.7,3,2,0
Iris,IG,2,11,0.566667,3,2,8.844
Iris,IG,2,12,0.566667,3,2,1.243
Iris,IG,2,13,0.666667,3,2,0
Iris,IG,2,14,0.566667,3,2,0
Iris,IG,2,15,0.566667,3,2,0
Iris,IG,2,16,0.566667,3,2,16.473
Iris,IG,2,17,0.633333,3,2,3.371
Iris,IG,2,18,0.566667,3,2,0
Iris,IG,2,19,0.633333,3,2,8.024
Iris,IG,2,20,0.533333,3,2,0
Adult,IG,3,1,0.82,82,3,131.079
Adult,IG,3,2,0.81,88,3,161.061
Adult,IG,3,3,0.793333,88,3,131.624
Adult,IG,3,4,0.818333,89,3,124.206
Adult,IG,3,5,0.801667,87,3,158.792
Adult,IG,3,6,0.813333,91,3,157.305
Adult,IG,3,7,0.786667,91,3,149.882
Adult,IG,3,8,0.815,90,3,127.891
Adult,IG,3,9,0.81,87,3,127.834
Adult,IG,3,10,0.801667,91,3,127.511
Adult,IG,3,11,0.816667,89,3,127.139
Adult,IG,3,12,0.815,91,3,145.604
Adult,IG,3,13,0.808333,91,3,158.471
Adult,IG,3,14,0.808333,91,3,159.227
Adult,IG,3,15,0.813333,88,3,127.714
Adult,IG,3,16,0.813333,91,3,137.134
Adult,IG,3,17,0.818333,88,3,126.744
Adult,IG,3,18,0.795,88,3,127.343
Adult,IG,3,19,0.803333,89,3,136.808
Adult,IG,3,20,0.825,95,3,158.936
Iris,IG,3,1,0.9,7,3,0
Iris,IG,3,2,0.9,7,3,0
Iris,IG,3,3,0.866667,7,3,15.62
Iris,IG,3,4,0.966667,5,3,7.672
Iris,IG,3,5,0.8,5,3,6.358
Iris,IG,3,6,0.966667,5,3,1.745
Iris,IG,3,7,0.9,7,3,13.148
Iris,IG,3,8,0.833333,5,3,2.005
Iris,IG,3,9,0.933333,5,3,8.855
Iris,IG,3,10,1,7,3,3.51
Iris,IG,3,11,0.933333,7,3,0
Iris,IG,3,12,0.866667,5,3,12.457
Iris,IG,3,13,0.9,7,3,6.011
Iris,IG,3,14,0.933333,5,3,4.676
Iris,IG,3,15,0.866667,5,3,8.017
Iris,IG,3,16,0.933333,5,3,8.031
Iris,IG,3,17,0.933333,5,3,3.507
Iris,IG,3,18,0.9,5,3,6.169
Iris,IG,3,19,0.866667,5,3,0
Iris,IG,3,20,0.9,5,3,9.604
Adult,IG,4,1,0.793333,359,4,205.572
Adult,IG,4,2,0.791667,317,4,176.279
Adult,IG,4,3,0.796667,333,4,228.369
Adult,IG,4,4,0.791667,322,4,207.233
Adult,IG,4,5,0.808333,342,4,175.602
Adult,IG,4,6,0.796667,344,4,214.909
Adult,IG,4,7,0.781667,325,4,269.273
Adult,IG,4,8,0.806667,329,4,238.316
Adult,IG,4,9,0.81,358,4,191.34
Adult,IG,4,10,0.801667,319,4,205.545
Adult,IG,4,11,0.785,340,4,232.961
Adult,IG,4,12,0.803333,332,4,219.697
Adult,IG,4,13,0.813333,359,4,217.515
Adult,IG,4,14,0.806667,347,4,198.571
Adult,IG,4,15,0.826667,350,4,200.527
Adult,IG,4,16,0.796667,361,4,238.124
Adult,IG,4,17,0.795,358,4,210.557
Adult,IG,4,18,0.788333,335,4,201.676
Adult,IG,4,19,0.798333,386,4,227.708
Adult,IG,4,20,0.811667,338,4,221.752
Iris,IG,4,1,0.866667,11,4,12.882
Iris,IG,4,2,0.9,9,4,9.983
Iris,IG,4,3,0.8,9,4,2.505
Iris,IG,4,4,1,9,4,8.379
Iris,IG,4,5,0.933333,9,4,0
Iris,IG,4,6,0.9,13,4,14.847
Iris,IG,4,7,0.966667,7,4,4.494
Iris,IG,4,8,0.966667,11,4,6.75
Iris,IG,4,9,0.933333,13,4,3.505
Iris,IG,4,10,0.966667,9,4,9.235
Iris,IG,4,11,1,9,4,0
Iris,IG,4,12,0.866667,9,4,8.221
Iris,IG,4,13,0.9,9,4,8.122
Iris,IG,4,14,0.966667,13,4,4.608
Iris,IG,4,15,0.866667,9,4,0
Iris,IG,4,16,0.9,9,4,16.128
Iris,IG,4,17,0.933333,9,4,8.333
Iris,IG,4,18,0.933333,9,4,0
Iris,IG,4,19,0.966667,9,4,0
Iris,IG,4,20,0.933333,13,4,17.813
Adult,IG,5,1,0.811667,560,5,267.982
Adult,IG,5,2,0.778333,566,5,247.012
Adult,IG,5,3,0.796667,573,5,253.05
Adult,IG,5,4,0.81,560,5,270.951
Adult,IG,5,5,0.801667,582,5,246.524
Adult,IG,5,6,0.755,599,5,246.689
Adult,IG,5,7,0.81,583,5,207.09
Adult,IG,5,8,0.781667,574,5,294.211
Adult,IG,5,9,0.788333,555,5,265.04
Adult,IG,5,10,0.805,591,5,296.278
Adult,IG,5,11,0.785,592,5,276.006
Adult,IG,5,12,0.753333,567,5,231.293
Adult,IG,5,13,0.793333,617,5,236.165
Adult,IG,5,14,0.8,623,5,285.182
Adult,IG,5,15,0.791667,605,5,255.219
Adult,IG,5,16,0.798333,613,5,222.471
Adult,IG,5,17,0.791667,585,5,237.987
Adult,IG,5,18,0.761667,573,5,235.97
Adult,IG,5,19,0.783333,598,5,263.441
Adult,IG,5,20,0.78,581,5,255.446
Iris,IG,5,1,0.833333,15,5,10.706
Iris,IG,5,2,0.833333,15,5,6.59
Iris,IG,5,3,0.966667,19,5,8.136
Iris,IG,5,4,1,15,5,0.807
Iris,IG,5,5,0.966667,15,5,11.264
Iris,IG,5,6,0.933333,17,5,4.636
Iris,IG,5,7,0.933333,15,5,13.635
Iris,IG,5,8,0.933333,17,5,8.469
Iris,IG,5,9,0.866667,17,5,7.836
Iris,IG,5,10,0.966667,19,5,8.269
Iris,IG,5,11,0.933333,15,5,9.756
Iris,IG,5,12,0.966667,15,5,6.829
Iris,IG,5,13,0.866667,17,5,8.116
Iris,IG,5,14,0.9,17,5,8.222
Iris,IG,5,15,0.9,15,5,0
Iris,IG,5,16,0.9,19,5,0
Iris,IG,5,17,0.866667,15,5,15.772
Iris,IG,5,18,0.966667,15,5,0
Iris,IG,5,19,0.833333,17,5,0
Iris,IG,5,20,1,17,5,16.034
Adult,IG,7,1,0.743333,862,7,263.05
Adult,IG,7,2,0.763333,912,7,293.799
Adult,IG,7,3,0.776667,898,7,297.03
Adult,IG,7,4,0.78,907,7,295.374
Adult,IG,7,5,0.778333,923,7,273.016
Adult,IG,7,6,0.781667,901,7,267.208
Adult,IG,7,7,0.778333,867,7,312.078
Adult,IG,7,8,0.776667,902,7,269.549
Adult,IG,7,9,0.79,902,7,267.013
Adult,IG,7,10,0.773333,878,7,293.431
Adult,IG,7,11,0.771667,876,7,277.308
Adult,IG,7,12,0.8,866,7,300.598
Adult,IG,7,13,0.783333,895,7,285.098
Adult,IG,7,14,0.768333,921,7,279.085
Adult,IG,7,15,0.798333,876,7,323.638
Adult,IG,7,16,0.75,865,7,279.969
Adult,IG,7,17,0.795,918,7,277.999
Adult,IG,7,18,0.788333,893,7,326.123
Adult,IG,7,19,0.773333,878,7,272.187
Adult,IG,7,20,0.778333,841,7,294.474
Iris,IG,7,1,0.866667,21,5,6.949
Iris,IG,7,2,0.9,15,5,6.022
Iris,IG,7,3,1,15,5,5.517
Iris,IG,7,4,0.933333,23,5,9.383
Iris,IG,7,5,0.9,17,5,4.839
Iris,IG,7,6,0.866667,19,5,8.116
Iris,IG,7,7,0.933333,19,5,8.315
Iris,IG,7,8,0.9,15,5,7.806
Iris,IG,7,9,0.966667,15,5,0
Iris,IG,7,10,0.9,15,5,12.591
Iris,IG,7,11,0.9,17,5,6.01
Iris,IG,7,12,0.9,17,5,6.008
Iris,IG,7,13,0.8,25,5,8.31
Iris,IG,7,14,0.966667,15,5,8.102
Iris,IG,7,15,0.933333,17,5,8.42
Iris,IG,7,16,0.866667,21,5,1.165
Iris,IG,7,17,0.8,15,5,11.283
Iris,IG,7,18,0.9,15,5,4.434
Iris,IG,7,19,0.866667,15,5,5.362
Iris,IG,7,20,0.933333,15,5,10.471
Adult,IG,10,1,0.76,1133,10,347.703
Adult,IG,10,2,0.768333,1131,10,298.056
Adult,IG,10,3,0.763333,1073,10,287.739
Adult,IG,10,4,0.788333,1092,10,356.667
Adult,IG,10,5,0.77,1073,10,296.057
Adult,IG,10,6,0.78,1082,10,298.147
Adult,IG,10,7,0.791667,1124,10,337.017
Adult,IG,10,8,0.773333,1104,10,309.696
Adult,IG,10,9,0.76,1046,10,331.023
Adult,IG,10,10,0.77,1111,10,313.754
Adult,IG,10,11,0.756667,1099,10,271.205
Adult,IG,10,12,0.806667,1149,10,335.206
Adult,IG,10,13,0.788333,1101,10,348.071
Adult,IG,10,14,0.75,1052,10,269.475
Adult,IG,10,15,0.77,1088,10,331.962
Adult,IG,10,16,0.768333,1135,10,331.944
Adult,IG,10,17,0.763333,1119,10,299.573
Adult,IG,10,18,0.746667,1062,10,336.907
Adult,IG,10,19,0.775,1148,10,346.989
Adult,IG,10,20,0.763333,1120,10,267.508
Iris,IG,10,1,0.966667,15,5,0
Iris,IG,10,2,0.966667,15,5,15.504
Iris,IG,10,3,0.866667,19,5,12.105
Iris,IG,10,4,0.966667,19,5,12.687
Iris,IG,10,5,0.833333,19,5,14.317
Iris,IG,10,6,0.933333,15,5,13.409
Iris,IG,10,7,0.9,17,5,10.737
Iris,IG,10,8,0.866667,19,5,9.799
Iris,IG,10,9,0.866667,15,5,8.426
Iris,IG,10,10,0.966667,19,5,16.808
Iris,IG,10,11,0.933333,15,5,8.439
Iris,IG,10,12,0.966667,15,5,8.213
Iris,IG,10,13,1,15,5,0
Iris,IG,10,14,0.9,15,5,0
Iris,IG,10,15,0.966667,17,5,18.149
Iris,IG,10,16,1,15,5,8.013
Iris,IG,10,17,0.933333,15,5,6.677
Iris,IG,10,18,0.933333,15,5,15.709
Iris,IG,10,19,1,15,5,0
Iris,IG,10,20,0.9,15,5,0
Adult,IG,12,1,0.798333,1245,12,349.341
Adult,IG,12,2,0.768333,1168,12,352.178
Adult,IG,12,3,0.78,1195,12,343.726
Adult,IG,12,4,0.81,1212,12,349.646
Adult,IG,12,5,0.786667,1240,12,288.079
Adult,IG,12,6,0.801667,1246,12,311.391
Adult,IG,12,7,0.766667,1218,12,323.81
Adult,IG,12,8,0.796667,1282,12,324.547
Adult,IG,12,9,0.773333,1158,12,303.48
Adult,IG,12,10,0.79,1245,12,318.245
Adult,IG,12,11,0.783333,1171,12,313.331
Adult,IG,12,12,0.758333,1226,12,382.12
Adult,IG,12,13,0.741667,1170,12,334.413
Adult,IG,12,14,0.776667,1254,12,369.511
Adult,IG,12,15,0.763333,1147,12,390.675
Adult,IG,12,16,0.791667,1233,12,345.721
Adult,IG,12,17,0.781667,1223,12,307.586
Adult,IG,12,18,0.801667,1240,12,380.481
Adult,IG,12,19,0.801667,1234,12,293.123
Adult,IG,12,20,0.79,1143,12,354.757
Iris,IG,12,1,0.9,15,5,8.367
Iris,IG,12,2,0.966667,15,5,8.524
Iris,IG,12,3,0.966667,15,5,8.169
Iris,IG,12,4,0.966667,15,5,10.209
Iris,IG,12,5,0.966667,17,5,8.235
Iris,IG,12,6,0.933333,15,5,10.044
Iris,IG,12,7,0.933333,15,5,3.41
Iris,IG,12,8,0.866667,17,5,18.518
Iris,IG,12,9,0.966667,15,5,3.753
Iris,IG,12,10,1,15,5,11.329
Iris,IG,12,11,0.966667,19,5,17.28
Iris,IG,12,12,0.833333,23,5,6.574
Iris,IG,12,13,0.933333,15,5,10.697
Iris,IG,12,14,0.9,19,5,6.977
Iris,IG,12,15,0.933333,21,5,0
Iris,IG,12,16,0.966667,15,5,14.269
Iris,IG,12,17,0.9,15,5,9.395
Iris,IG,12,18,0.9,19,5,0
Iris,IG,12,19,0.933333,15,5,16.541
Iris,IG,12,20,0.966667,15,5,6.224
Adult,IG,15,1,0.76,1320,15,324.333
Adult,IG,15,2,0.778333,1290,15,358.283
Adult,IG,15,3,0.793333,1378,15,406.987
Adult,IG,15,4,0.77,1381,15,374.324
Adult,IG,15,5,0.786667,1348,15,372.725
Adult,IG,15,6,0.766667,1330,15,344.63
Adult,IG,15,7,0.768333,1312,15,330.762
Adult,IG,15,8,0.775,1340,15,404.713
Adult,IG,15,9,0.785,1340,15,398.952
Adult,IG,15,10,0.796667,1376,15,310.187
Adult,IG,15,11,0.8,1358,15,331.536
Adult,IG,15,12,0.795,1335,15,392.842
Adult,IG,15,13,0.785,1421,15,375.755
Adult,IG,15,14,0.805,1418,15,310.751
Adult,IG,15,15,0.781667,1354,15,341.098
Adult,IG,15,16,0.791667,1311,15,332.623
Adult,IG,15,17,0.798333,1366,15,358.882
Adult,IG,15,18,0.773333,1278,15,364.412
Adult,IG,15,19,0.765,1339,15,402.3
Adult,IG,15,20,0.805,1370,15,331.383
Iris,IG,15,1,0.8,17,5,0
Iris,IG,15,2,0.966667,19,5,0
Iris,IG,15,3,0.933333,21,5,21.794
Iris,IG,15,4,0.9,17,5,0
Iris,IG,15,5,0.933333,21,5,0
Iris,IG,15,6,0.966667,15,5,8.529
Iris,IG,15,7,0.866667,19,5,0
Iris,IG,15,8,0.966667,15,5,15.481
Iris,IG,15,9,0.866667,19,5,15.955
Iris,IG,15,10,0.966667,17,5,10.763
Iris,IG,15,11,0.966667,15,5,8.906
Iris,IG,15,12,0.933333,17,5,5.749
Iris,IG,15,13,0.9,21,5,12.806
Iris,IG,15,14,0.9,15,5,3.007
Iris,IG,15,15,0.9,19,5,0
Iris,IG,15,16,0.933333,15,5,4.055
Iris,IG,15,17,0.966667,15,5,11.79
Iris,IG,15,18,0.966667,17,5,8.315
Iris,IG,15,19,0.966667,19,5,8.016
Iris,IG,15,20,0.866667,15,5,8.427
Adult,IGR,0,1,0.811667,1099,15,443.095
Adult,IGR,0,2,0.775,1121,15,519.863
Adult,IGR,0,3,0.798333,1118,15,485.609
Adult,IGR,0,4,0.785,1099,15,409.417
Adult,IGR,0,5,0.775,1155,15,461.002
Adult,IGR,0,6,0.786667,1028,15,461.756
Adult,IGR,0,7,0.793333,1150,15,495.186
Adult,IGR,0,8,0.776667,1109,15,458.143
Adult,IGR,0,9,0.781667,1145,15,516.988
Adult,IGR,0,10,0.803333,1211,15,467.359
Adult,IGR,0,11,0.811667,1192,15,522.094
Adult,IGR,0,12,0.801667,1125,15,444.445
Adult,IGR,0,13,0.781667,1111,15,400.463
Adult,IGR,0,14,0.806667,1136,15,437.323
Adult,IGR,0,15,0.785,1112,15,420.347
Adult,IGR,0,16,0.801667,1134,15,467.898
Adult,IGR,0,17,0.778333,1085,15,415.628
Adult,IGR,0,18,0.778333,1129,15,475.079
Adult,IGR,0,19,0.77,1191,15,363.053
Adult,IGR,0,20,0.795,1111,15,479.408
Iris,IGR,0,1,1,15,5,9.815
Iris,IGR,0,2,0.933333,15,5,7.568
Iris,IGR,0,3,0.8,17,5,0
Iris,IGR,0,4,0.933333,15,5,0
Iris,IGR,0,5,0.933333,15,5,18.346
Iris,IGR,0,6,0.966667,15,5,5.451
Iris,IGR,0,7,1,15,5,0
Iris,IGR,0,8,0.966667,15,5,13.305
Iris,IGR,0,9,0.9,17,5,0
Iris,IGR,0,10,0.933333,15,5,19.605
Iris,IGR,0,11,0.933333,15,5,3.98
Iris,IGR,0,12,1,15,5,8.566
Iris,IGR,0,13,0.933333,15,5,7.926
Iris,IGR,0,14,1,15,5,13.043
Iris,IGR,0,15,0.933333,15,5,0
Iris,IGR,0,16,0.966667,15,5,11.277
Iris,IGR,0,17,1,15,5,15.993
Iris,IGR,0,18,0.866667,19,5,0
Iris,IGR,0,19,1,15,5,16.033
Iris,IGR,0,20,0.933333,15,5,0
Adult,IGR,2,1,0.776667,3,2,78.889
Adult,IGR,2,2,0.783333,3,2,55.426
Adult,IGR,2,3,0.761667,3,2,68.896
Adult,IGR,2,4,0.77,3,2,73.362
Adult,IGR,2,5,0.758333,3,2,79.652
Adult,IGR,2,6,0.761667,3,2,63.939
Adult,IGR,2,7,0.771667,3,2,62.894
Adult,IGR,2,8,0.75,3,2,63.571
Adult,IGR,2,9,0.771667,3,2,63.711
Adult,IGR,2,10,0.771667,3,2,90.517
Adult,IGR,2,11,0.751667,3,2,78.299
Adult,IGR,2,12,0.778333,3,2,98.103
Adult,IGR,2,13,0.768333,3,2,62.982
Adult,IGR,2,14,0.803333,3,2,65.3
Adult,IGR,2,15,0.775,3,2,62.732
Adult,IGR,2,16,0.753333,3,2,61.743
Adult,IGR,2,17,0.771667,3,2,64.174
Adult,IGR,2,18,0.736667,3,2,88.547
Adult,IGR,2,19,0.761667,3,2,79.18
Adult,IGR,2,20,0.8,3,2,63.08
Iris,IGR,2,1,0.6,3,2,0
Iris,IGR,2,2,0.633333,3,2,0
Iris,IGR,2,3,0.566667,3,2,18.446
Iris,IGR,2,4,0.533333,3,2,1.862
Iris,IGR,2,5,0.566667,3,2,1.744
Iris,IGR,2,6,0.5,3,2,0
Iris,IGR,2,7,0.533333,3,2,0
Iris,IGR,2,8,0.6,3,2,0
Iris,IGR,2,9,0.7,3,2,14.074
Iris,IGR,2,10,0.633333,3,2,6.56
Iris,IGR,2,11,0.533333,3,2,0
Iris,IGR,2,12,0.6,3,2,0
Iris,IGR,2,13,0.6,3,2,14.964
Iris,IGR,2,14,0.4,3,2,0
Iris,IGR,2,15,0.633333,3,2,0
Iris,IGR,2,16,0.6,3,2,0
Iris,IGR,2,17,0.566667,3,2,13.738
Iris,IGR,2,18,0.566667,3,2,0
Iris,IGR,2,19,0.633333,3,2,9.056
Iris,IGR,2,20,0.5,3,2,2.004
Adult,IGR,3,1,0.785,7,3,145.749
Adult,IGR,3,2,0.78,7,3,113.619
Adult,IGR,3,3,0.806667,7,3,111.46
Adult,IGR,3,4,0.761667,11,3,144.288
Adult,IGR,3,5,0.765,7,3,128.516
Adult,IGR,3,6,0.763333,11,3,156.655
Adult,IGR,3,7,0.715,16,3,121.307
Adult,IGR,3,8,0.803333,7,3,131.817
Adult,IGR,3,9,0.773333,16,3,127.771
Adult,IGR,3,10,0.755,7,3,134.224
Adult,IGR,3,11,0.79,11,3,129.612
Adult,IGR,3,12,0.756667,11,3,150.014
Adult,IGR,3,13,0.796667,16,3,138.856
Adult,IGR,3,14,0.78,7,3,126.811
Adult,IGR,3,15,0.811667,20,3,179.904
Adult,IGR,3,16,0.78,7,3,123.847
Adult,IGR,3,17,0.77,11,3,133.514
Adult,IGR,3,18,0.78,7,3,127.266
Adult,IGR,3,19,0.785,7,3,182.418
Adult,IGR,3,20,0.78,11,3,121.421
Iris,IGR,3,1,0.933333,5,3,0
Iris,IGR,3,2,0.933333,5,3,0
Iris,IGR,3,3,0.933333,7,3,16.638
Iris,IGR,3,4,0.866667,5,3,6.842
Iris,IGR,3,5,0.9,5,3,6.806
Iris,IGR,3,6,0.966667,5,3,11.812
Iris,IGR,3,7,1,5,3,1.979
Iris,IGR,3,8,0.866667,5,3,13.873
Iris,IGR,3,9,0.9,5,3,7.689
Iris,IGR,3,10,0.833333,5,3,4.007
Iris,IGR,3,11,1,5,3,2.003
Iris,IGR,3,12,1,5,3,10.214
Iris,IGR,3,13,0.9,5,3,10.377
Iris,IGR,3,14,0.9,5,3,6.172
Iris,IGR,3,15,0.9,5,3,3.202
Iris,IGR,3,16,0.9,5,3,14.786
Iris,IGR,3,17,0.9,5,3,8.125
Iris,IGR,3,18,0.9,5,3,0
Iris,IGR,3,19,0.933333,5,3,14.257
Iris,IGR,3,20,1,5,3,0
Adult,IGR,4,1,0.79,27,4,197.217
Adult,IGR,4,2,0.838333,36,4,227.22
Adult,IGR,4,3,0.796667,46,4,222.217
Adult,IGR,4,4,0.745,15,4,215.912
Adult,IGR,4,5,0.82,27,4,213.479
Adult,IGR,4,6,0.791667,32,4,174.675
Adult,IGR,4,7,0.78,39,4,196.267
Adult,IGR,4,8,0.791667,31,4,185.05
Adult,IGR,4,9,0.825,27,4,238.859
Adult,IGR,4,10,0.758333,28,4,220.566
Adult,IGR,4,11,0.8,32,4,196.902
Adult,IGR,4,12,0.781667,26,4,208.299
Adult,IGR,4,13,0.765,23,4,206.337
Adult,IGR,4,14,0.773333,41,4,204.281
Adult,IGR,4,15,0.785,30,4,182.6
Adult,IGR,4,16,0.783333,34,4,167.597
Adult,IGR,4,17,0.82,69,4,175.422
Adult,IGR,4,18,0.816667,30,4,185.35
Adult,IGR,4,19,0.783333,36,4,190.75
Adult,IGR,4,20,0.786667,37,4,245.676
Iris,IGR,4,1,0.866667,9,4,12.966
Iris,IGR,4,2,0.733333,9,4,9.178
Iris,IGR,4,3,0.933333,9,4,0
Iris,IGR,4,4,0.9,9,4,12.828
Iris,IGR,4,5,0.833333,9,4,6.01
Iris,IGR,4,6,0.833333,9,4,8.255
Iris,IGR,4,7,0.866667,9,4,0
Iris,IGR,4,8,0.866667,9,4,13.076
Iris,IGR,4,9,0.866667,9,4,6.011
Iris,IGR,4,10,0.933333,9,4,8.013
Iris,IGR,4,11,0.833333,9,4,8.227
Iris,IGR,4,12,1,9,4,12.064
Iris,IGR,4,13,0.9,9,4,5.989
Iris,IGR,4,14,0.9,9,4,6.202
Iris,IGR,4,15,0.866667,9,4,8.502
Iris,IGR,4,16,0.933333,9,4,8.147
Iris,IGR,4,17,0.933333,13,4,0
Iris,IGR,4,18,0.866667,9,4,19.552
Iris,IGR,4,19,0.966667,9,4,5.748
Iris,IGR,4,20,0.933333,9,4,6.487
Adult,IGR,5,1,0.818333,66,5,264.971
Adult,IGR,5,2,0.831667,69,5,247.12
Adult,IGR,5,3,0.83,73,5,236.462
Adult,IGR,5,4,0.82,83,5,278.396
Adult,IGR,5,5,0.8,93,5,219.949
Adult,IGR,5,6,0.83,53,5,274.665
Adult,IGR,5,7,0.843333,122,5,236.523
Adult,IGR,5,8,0.828333,68,5,279.499
Adult,IGR,5,9,0.808333,125,5,235.266
Adult,IGR,5,10,0.831667,74,5,237.041
Adult,IGR,5,11,0.796667,100,5,271.788
Adult,IGR,5,12,0.781667,63,5,247.416
Adult,IGR,5,13,0.823333,69,5,222.907
Adult,IGR,5,14,0.836667,71,5,305.578
Adult,IGR,5,15,0.826667,81,5,262.003
Adult,IGR,5,16,0.79,119,5,222.72
Adult,IGR,5,17,0.818333,76,5,259.078
Adult,IGR,5,18,0.826667,71,5,303.578
Adult,IGR,5,19,0.796667,70,5,264.694
Adult,IGR,5,20,0.813333,60,5,254.1
Iris,IGR,5,1,0.9,15,5,20.869
Iris,IGR,5,2,0.933333,17,5,3.508
Iris,IGR,5,3,0.933333,15,5,19.997
Iris,IGR,5,4,1,15,5,14.688
Iris,IGR,5,5,0.933333,15,5,8.942
Iris,IGR,5,6,0.9,15,5,17.94
Iris,IGR,5,7,0.966667,15,5,13.681
Iris,IGR,5,8,0.933333,15,5,8.157
Iris,IGR,5,9,0.866667,15,5,9.485
Iris,IGR,5,10,0.933333,15,5,0
Iris,IGR,5,11,0.933333,17,5,8.304
Iris,IGR,5,12,0.933333,15,5,9.393
Iris,IGR,5,13,0.833333,25,5,8.836
Iris,IGR,5,14,0.9,15,5,6.109
Iris,IGR,5,15,0.833333,15,5,1.674
Iris,IGR,5,16,1,15,5,6.629
Iris,IGR,5,17,0.9,15,5,8.104
Iris,IGR,5,18,0.966667,15,5,8.056
Iris,IGR,5,19,1,15,5,7.752
Iris,IGR,5,20,0.933333,17,5,0
Adult,IGR,7,1,0.795,239,7,328.544
Adult,IGR,7,2,0.791667,239,7,303.025
Adult,IGR,7,3,0.806667,302,7,365.764
Adult,IGR,7,4,0.815,230,7,294.644
Adult,IGR,7,5,0.796667,259,7,318.348
Adult,IGR,7,6,0.83,270,7,333.309
Adult,IGR,7,7,0.8,238,7,298.555
Adult,IGR,7,8,0.818333,335,7,350.867
Adult,IGR,7,9,0.828333,291,7,383.423
Adult,IGR,7,10,0.821667,250,7,326.505
Adult,IGR,7,11,0.818333,254,7,310.733
Adult,IGR,7,12,0.8,244,7,301.631
Adult,IGR,7,13,0.78,331,7,344.575
Adult,IGR,7,14,0.788333,296,7,325.688
Adult,IGR,7,15,0.813333,285,7,345.386
Adult,IGR,7,16,0.811667,312,7,326.692
Adult,IGR,7,17,0.821667,324,7,310.571
Adult,IGR,7,18,0.818333,255,7,344.529
Adult,IGR,7,19,0.841667,267,7,302.811
Adult,IGR,7,20,0.805,266,7,337.125
Iris,IGR,7,1,0.866667,15,5,4.346
Iris,IGR,7,2,0.966667,15,5,0
Iris,IGR,7,3,0.933333,17,5,16.15
Iris,IGR,7,4,0.9,15,5,2.67
Iris,IGR,7,5,0.9,19,5,6.786
Iris,IGR,7,6,0.9,23,5,7.272
Iris,IGR,7,7,0.933333,15,5,13.192
Iris,IGR,7,8,0.966667,15,5,0
Iris,IGR,7,9,0.966667,17,5,0
Iris,IGR,7,10,1,15,5,20.315
Iris,IGR,7,11,1,15,5,6.131
Iris,IGR,7,12,0.933333,15,5,1.74
Iris,IGR,7,13,0.933333,15,5,10.191
Iris,IGR,7,14,0.9,17,5,0
Iris,IGR,7,15,0.966667,15,5,8.353
Iris,IGR,7,16,0.9,17,5,8.134
Iris,IGR,7,17,0.966667,15,5,8.287
Iris,IGR,7,18,0.966667,15,5,0
Iris,IGR,7,19,0.966667,15,5,8.106
Iris,IGR,7,20,1,17,5,8.324
Adult,IGR,10,1,0.791667,597,10,428.174
Adult,IGR,10,2,0.808333,621,10,433.131
Adult,IGR,10,3,0.811667,566,10,409.637
Adult,IGR,10,4,0.765,635,10,393.54
Adult,IGR,10,5,0.803333,564,10,388.59
Adult,IGR,10,6,0.79,587,10,405.958
Adult,IGR,10,7,0.8,582,10,366.079
Adult,IGR,10,8,0.813333,634,10,396.421
Adult,IGR,10,9,0.795,577,10,404.23
Adult,IGR,10,10,0.826667,604,10,383.94
Adult,IGR,10,11,0.796667,561,10,369.301
Adult,IGR,10,12,0.775,563,10,365.206
Adult,IGR,10,13,0.816667,576,10,419.606
Adult,IGR,10,14,0.81,632,10,402.249
Adult,IGR,10,15,0.811667,614,10,394.391
Adult,IGR,10,16,0.803333,603,10,385.963
Adult,IGR,10,17,0.768333,562,10,400.513
Adult,IGR,10,18,0.78,593,10,384.834
Adult,IGR,10,19,0.8,577,10,408.832
Adult,IGR,10,20,0.815,533,10,348.043
Iris,IGR,10,1,0.966667,15,5,12.14
Iris,IGR,10,2,0.933333,15,5,5.427
Iris,IGR,10,3,1,15,5,0
Iris,IGR,10,4,0.966667,15,5,9.864
Iris,IGR,10,5,0.966667,15,5,6.703
Iris,IGR,10,6,0.933333,17,5,14.172
Iris,IGR,10,7,0.9,17,5,8.4
Iris,IGR,10,8,0.933333,15,5,5.749
Iris,IGR,10,9,0.966667,15,5,6.131
Iris,IGR,10,10,0.966667,15,5,9.96
Iris,IGR,10,11,1,15,5,9.889
Iris,IGR,10,12,0.966667,17,5,6.766
Iris,IGR,10,13,0.933333,15,5,8.246
Iris,IGR,10,14,0.866667,15,5,8.575
Iris,IGR,10,15,0.866667,15,5,0
Iris,IGR,10,16,0.9,21,5,8.148
Iris,IGR,10,17,0.9,19,5,8.159
Iris,IGR,10,18,1,15,5,8.317
Iris,IGR,10,19,1,15,5,0
Iris,IGR,10,20,0.966667,15,5,0
Adult,IGR,12,1,0.796667,821,12,385.589
Adult,IGR,12,2,0.811667,814,12,360.087
Adult,IGR,12,3,0.786667,934,12,399.853
Adult,IGR,12,4,0.79,869,12,396.979
Adult,IGR,12,5,0.778333,848,12,370.619
Adult,IGR,12,6,0.801667,854,12,424.069
Adult,IGR,12,7,0.773333,917,12,426.61
Adult,IGR,12,8,0.795,850,12,412.466
Adult,IGR,12,9,0.795,939,12,392.946
Adult,IGR,12,10,0.768333,795,12,430.947
Adult,IGR,12,11,0.8,893,12,452.389
Adult,IGR,12,12,0.781667,844,12,358.339
Adult,IGR,12,13,0.793333,937,12,462.473
Adult,IGR,12,14,0.788333,825,12,415.36
Adult,IGR,12,15,0.803333,820,12,434.859
Adult,IGR,12,16,0.78,847,12,449.46
Adult,IGR,12,17,0.775,924,12,429.164
Adult,IGR,12,18,0.816667,919,12,409.624
Adult,IGR,12,19,0.791667,843,12,423.039
Adult,IGR,12,20,0.786667,897,12,405.977
Iris,IGR,12,1,0.966667,15,5,0
Iris,IGR,12,2,0.9,15,5,19.046
Iris,IGR,12,3,0.966667,15,5,5.467
Iris,IGR,12,4,0.966667,15,5,12.485
Iris,IGR,12,5,0.933333,15,5,0
Iris,IGR,12,6,1,15,5,0
Iris,IGR,12,7,0.966667,15,5,18.543
Iris,IGR,12,8,1,15,5,5.227
Iris,IGR,12,9,0.866667,15,5,5.749
Iris,IGR,12,10,0.866667,15,5,4.004
Iris,IGR,12,11,0.966667,15,5,1.859
Iris,IGR,12,12,0.933333,15,5,6.57
Iris,IGR,12,13,0.9,15,5,8.012
Iris,IGR,12,14,0.933333,15,5,6.008
Iris,IGR,12,15,1,17,5,0
Iris,IGR,12,16,0.9,13,5,0
Iris,IGR,12,17,0.966667,17,5,16.097
Iris,IGR,12,18,0.966667,15,5,16.066
Iris,IGR,12,19,0.933333,15,5,0
Iris,IGR,12,20,0.933333,15,5,16.146
Adult,IGR,15,1,0.788333,1146,15,469.786
Adult,IGR,15,2,0.806667,1140,15,425.27
Adult,IGR,15,3,0.775,1095,15,437.716
Adult,IGR,15,4,0.793333,1177,15,401.154
Adult,IGR,15,5,0.79,1137,15,401.711
Adult,IGR,15,6,0.818333,1145,15,427.1
Adult,IGR,15,7,0.808333,1196,15,413.317
Adult,IGR,15,8,0.798333,1077,15,410.521
Adult,IGR,15,9,0.785,1145,15,427.77
Adult,IGR,15,10,0.788333,1097,15,385.725
Adult,IGR,15,11,0.795,1154,15,421.819
Adult,IGR,15,12,0.795,1144,15,428.051
Adult,IGR,15,13,0.821667,1124,15,441.963
Adult,IGR,15,14,0.798333,1140,15,396.859
Adult,IGR,15,15,0.796667,1109,15,404.738
Adult,IGR,15,16,0.786667,1128,15,388.922
Adult,IGR,15,17,0.803333,1115,15,402.967
Adult,IGR,15,18,0.778333,1108,15,406.98
Adult,IGR,15,19,0.801667,1133,15,395.297
Adult,IGR,15,20,0.806667,1177,15,377.459
Iris,IGR,15,1,0.9,13,5,5.718
Iris,IGR,15,2,0.9,17,5,20.79
Iris,IGR,15,3,0.9,15,5,3.511
Iris,IGR,15,4,0.933333,13,5,14.42
Iris,IGR,15,5,0.966667,15,5,14.147
Iris,IGR,15,6,0.966667,13,5,10.203
Iris,IGR,15,7,0.933333,15,5,6.009
Iris,IGR,15,8,0.9,15,5,5.008
Iris,IGR,15,9,0.933333,15,5,2.786
Iris,IGR,15,10,0.966667,15,5,11.369
Iris,IGR,15,11,0.966667,15,5,8.36
Iris,IGR,15,12,0.966667,15,5,8.333
Iris,IGR,15,13,0.966667,15,5,0
Iris,IGR,15,14,0.966667,15,5,12.605
Iris,IGR,15,15,0.966667,15,5,3.573
Iris,IGR,15,16,0.966667,15,5,8.236
Iris,IGR,15,17,0.966667,15,5,0
Iris,IGR,15,18,0.833333,15,5,8.013
Iris,IGR,15,19,0.933333,17,5,8.308
Iris,IGR,15,20,0.966667,17,5,0
Adult,NWIG,0,1,0.78,1281,15,484.267
Adult,NWIG,0,2,0.778333,1195,15,333.352
Adult,NWIG,0,3,0.82,1280,15,358.369
Adult,NWIG,0,4,0.783333,1172,15,343.33
Adult,NWIG,0,5,0.771667,1226,15,361.059
Adult,NWIG,0,6,0.81,1201,15,350.976
Adult,NWIG,0,7,0.765,1221,15,399.476
Adult,NWIG,0,8,0.78,1223,15,360.611
Adult,NWIG,0,9,0.746667,1217,15,343.236
Adult,NWIG,0,10,0.79,1216,15,348.31
Adult,NWIG,0,11,0.765,1125,15,358.178
Adult,NWIG,0,12,0.805,1240,15,410.592
Adult,NWIG,0,13,0.755,1246,15,353.381
Adult,NWIG,0,14,0.805,1271,15,331.657
Adult,NWIG,0,15,0.795,1231,15,370.396
Adult,NWIG,0,16,0.785,1279,15,349.339
Adult,NWIG,0,17,0.775,1140,15,325.51
Adult,NWIG,0,18,0.813333,1220,15,356.684
Adult,NWIG,0,19,0.726667,1208,15,413.168
Adult,NWIG,0,20,0.803333,1287,15,379.483
Iris,NWIG,0,1,0.9,19,5,22.094
Iris,NWIG,0,2,0.9,15,5,3.151
Iris,NWIG,0,3,0.966667,15,5,16.297
Iris,NWIG,0,4,0.966667,15,5,5.139
Iris,NWIG,0,5,0.9,15,5,20.719
Iris,NWIG,0,6,0.9,15,5,0
Iris,NWIG,0,7,0.9,15,5,22.414
Iris,NWIG,0,8,0.866667,19,5,8.13
Iris,NWIG,0,9,0.933333,17,5,9.283
Iris,NWIG,0,10,0.933333,17,5,7.168
Iris,NWIG,0,11,0.966667,17,5,8.123
Iris,NWIG,0,12,0.8,17,5,0
Iris,NWIG,0,13,0.933333,23,5,15.994
Iris,NWIG,0,14,0.966667,23,5,15.734
Iris,NWIG,0,15,0.966667,25,5,0
Iris,NWIG,0,16,0.966667,17,5,0
Iris,NWIG,0,17,0.866667,17,5,15.769
Iris,NWIG,0,18,1,17,5,0
Iris,NWIG,0,19,0.933333,15,5,15.778
Iris,NWIG,0,20,0.866667,17,5,0
Adult,NWIG,2,1,0.741667,7,2,114.008
Adult,NWIG,2,2,0.761667,7,2,63.778
Adult,NWIG,2,3,0.746667,7,2,64.266
Adult,NWIG,2,4,0.743333,7,2,64.005
Adult,NWIG,2,5,0.731667,7,2,79.042
Adult,NWIG,2,6,0.743333,7,2,78.649
Adult,NWIG,2,7,0.763333,7,2,67.463
Adult,NWIG,2,8,0.765,7,2,68.014
Adult,NWIG,2,9,0.75,7,2,77.286
Adult,NWIG,2,10,0.785,7,2,70.78
Adult,NWIG,2,11,0.736667,7,2,63.198
Adult,NWIG,2,12,0.78,7,2,79.103
Adult,NWIG,2,13,0.76,7,2,66.886
Adult,NWIG,2,14,0.768333,7,2,63.447
Adult,NWIG,2,15,0.758333,7,2,100.791
Adult,NWIG,2,16,0.773333,7,2,95.47
Adult,NWIG,2,17,0.743333,7,2,78.7
Adult,NWIG,2,18,0.743333,7,2,78.604
Adult,NWIG,2,19,0.76,7,2,55.166
Adult,NWIG,2,20,0.76,7,2,74.254
Iris,NWIG,2,1,0.733333,3,2,0
Iris,NWIG,2,2,0.633333,3,2,10.138
Iris,NWIG,2,3,0.566667,3,2,0
Iris,NWIG,2,4,0.633333,3,2,5.794
Iris,NWIG,2,5,0.633333,3,2,0
Iris,NWIG,2,6,0.566667,3,2,0
Iris,NWIG,2,7,0.433333,3,2,14.02
Iris,NWIG,2,8,0.566667,3,2,4.016
Iris,NWIG,2,9,0.566667,3,2,4.007
Iris,NWIG,2,10,0.633333,3,2,2.862
Iris,NWIG,2,11,0.566667,3,2,4.424
Iris,NWIG,2,12,0.566667,3,2,0
Iris,NWIG,2,13,0.7,3,2,8.813
Iris,NWIG,2,14,0.633333,3,2,0
Iris,NWIG,2,15,0.533333,3,2,0
Iris,NWIG,2,16,0.566667,3,2,0
Iris,NWIG,2,17,0.733333,3,2,3.09
Iris,NWIG,2,18,0.433333,3,2,2.003
Iris,NWIG,2,19,0.633333,3,2,4.006
Iris,NWIG,2,20,0.7,3,2,5.751
Adult,NWIG,3,1,0.8,39,3,169.949
Adult,NWIG,3,2,0.805,30,3,122.892
Adult,NWIG,3,3,0.796667,30,3,135.634
Adult,NWIG,3,4,0.795,28,3,104.274
Adult,NWIG,3,5,0.838333,19,3,135.14
Adult,NWIG,3,6,0.805,23,3,141.111
Adult,NWIG,3,7,0.8,23,3,127.765
Adult,NWIG,3,8,0.79,23,3,158.208
Adult,NWIG,3,9,0.821667,32,3,127.196
Adult,NWIG,3,10,0.818333,23,3,143.92
Adult,NWIG,3,11,0.828333,22,3,126.844
Adult,NWIG,3,12,0.831667,30,3,151.134
Adult,NWIG,3,13,0.806667,19,3,127.475
Adult,NWIG,3,14,0.788333,29,3,143.421
Adult,NWIG,3,15,0.813333,38,3,114.125
Adult,NWIG,3,16,0.79,23,3,143.153
Adult,NWIG,3,17,0.836667,38,3,111.428
Adult,NWIG,3,18,0.811667,29,3,145.493
Adult,NWIG,3,19,0.82,29,3,131.529
Adult,NWIG,3,20,0.818333,27,3,135.34
Iris,NWIG,3,1,0.866667,5,3,7.138
Iris,NWIG,3,2,0.966667,5,3,4.929
Iris,NWIG,3,3,0.966667,5,3,5.557
Iris,NWIG,3,4,1,5,3,1.001
Iris,NWIG,3,5,0.933333,5,3,0
Iris,NWIG,3,6,0.966667,5,3,11.002
Iris,NWIG,3,7,0.9,5,3,0
Iris,NWIG,3,8,0.833333,7,3,11.324
Iris,NWIG,3,9,0.8,5,3,5.991
Iris,NWIG,3,10,0.933333,5,3,0
Iris,NWIG,3,11,0.866667,5,3,0
Iris,NWIG,3,12,0.766667,7,3,14.453
Iris,NWIG,3,13,0.966667,5,3,0
Iris,NWIG,3,14,0.933333,5,3,0
Iris,NWIG,3,15,0.933333,7,3,13.588
Iris,NWIG,3,16,0.733333,7,3,8.274
Iris,NWIG,3,17,0.9,7,3,4.006
Iris,NWIG,3,18,0.966667,5,3,3.748
Iris,NWIG,3,19,0.9,7,3,5.845
Iris,NWIG,3,20,0.966667,5,3,6.501
Adult,NWIG,4,1,0.815,73,4,264.058
Adult,NWIG,4,2,0.801667,58,4,164.025
Adult,NWIG,4,3,0.811667,83,4,223.357
Adult,NWIG,4,4,0.818333,85,4,180.983
Adult,NWIG,4,5,0.805,71,4,245.377
Adult,NWIG,4,6,0.82,67,4,199.468
Adult,NWIG,4,7,0.79,95,4,178.967
Adult,NWIG,4,8,0.795,83,4,172.385
Adult,NWIG,4,9,0.8,74,4,183.621
Adult,NWIG,4,10,0.805,74,4,185.564
Adult,NWIG,4,11,0.803333,92,4,207.892
Adult,NWIG,4,12,0.811667,71,4,173.815
Adult,NWIG,4,13,0.806667,57,4,207.655
Adult,NWIG,4,14,0.806667,69,4,206.609
Adult,NWIG,4,15,0.828333,75,4,190.84
Adult,NWIG,4,16,0.8,63,4,159.249
Adult,NWIG,4,17,0.836667,66,4,167.291
Adult,NWIG,4,18,0.806667,68,4,207.926
Adult,NWIG,4,19,0.818333,70,4,193.38
Adult,NWIG,4,20,0.791667,95,4,219.272
Iris,NWIG,4,1,0.966667,13,4,0
Iris,NWIG,4,2,0.933333,13,4,22.526
Iris,NWIG,4,3,0.966667,9,4,9.749
Iris,NWIG,4,4,0.866667,9,4,12.854
Iris,NWIG,4,5,0.966667,13,4,10.026
Iris,NWIG,4,6,0.966667,13,4,5.144
Iris,NWIG,4,7,0.966667,13,4,18.771
Iris,NWIG,4,8,0.866667,9,4,12.367
Iris,NWIG,4,9,0.9,9,4,8.677
Iris,NWIG,4,10,0.966667,13,4,7.939
Iris,NWIG,4,11,0.9,9,4,16.673
Iris,NWIG,4,12,0.966667,13,4,0
Iris,NWIG,4,13,1,13,4,15.848
Iris,NWIG,4,14,0.866667,9,4,0
Iris,NWIG,4,15,0.9,15,4,0
Iris,NWIG,4,16,0.766667,9,4,15.829
Iris,NWIG,4,17,0.933333,9,4,0
Iris,NWIG,4,18,0.833333,13,4,15.972
Iris,NWIG,4,19,0.866667,9,4,15.751
Iris,NWIG,4,20,0.866667,11,4,10.242
Adult,NWIG,5,1,0.795,145,5,242.003
Adult,NWIG,5,2,0.798333,145,5,202.653
Adult,NWIG,5,3,0.795,160,5,258.573
Adult,NWIG,5,4,0.79,171,5,227.996
Adult,NWIG,5,5,0.816667,164,5,229.846
Adult,NWIG,5,6,0.803333,200,5,242.96
Adult,NWIG,5,7,0.805,155,5,196.881
Adult,NWIG,5,8,0.823333,181,5,237.844
Adult,NWIG,5,9,0.8,178,5,249.346
Adult,NWIG,5,10,0.801667,167,5,240.442
Adult,NWIG,5,11,0.813333,159,5,208.891
Adult,NWIG,5,12,0.801667,173,5,254.903
Adult,NWIG,5,13,0.821667,172,5,203.851
Adult,NWIG,5,14,0.84,183,5,261.352
Adult,NWIG,5,15,0.818333,140,5,238.975
Adult,NWIG,5,16,0.806667,183,5,254.167
Adult,NWIG,5,17,0.805,181,5,277.962
Adult,NWIG,5,18,0.81,167,5,229.425
Adult,NWIG,5,19,0.816667,182,5,207.056
Adult,NWIG,5,20,0.81,182,5,207.425
Iris,NWIG,5,1,0.966667,15,5,16.863
Iris,NWIG,5,2,0.933333,21,5,6.12
Iris,NWIG,5,3,0.933333,15,5,0
Iris,NWIG,5,4,0.966667,15,5,13.589
Iris,NWIG,5,5,0.9,19,5,0
Iris,NWIG,5,6,0.966667,15,5,15.955
Iris,NWIG,5,7,1,15,5,5.587
Iris,NWIG,5,8,0.9,15,5,9.675
Iris,NWIG,5,9,0.966667,15,5,0
Iris,NWIG,5,10,0.933333,15,5,11.858
Iris,NWIG,5,11,0.966667,15,5,0
Iris,NWIG,5,12,0.933333,15,5,18.289
Iris,NWIG,5,13,0.966667,17,5,4.775
Iris,NWIG,5,14,0.966667,15,5,8.128
Iris,NWIG,5,15,0.933333,15,5,0
Iris,NWIG,5,16,0.833333,17,5,14.72
Iris,NWIG,5,17,1,15,5,1.812
Iris,NWIG,5,18,0.966667,15,5,8.155
Iris,NWIG,5,19,0.9,19,5,0
Iris,NWIG,5,20,0.933333,17,5,0
Adult,NWIG,7,1,0.781667,437,7,270.587
Adult,NWIG,7,2,0.77,458,7,284.739
Adult,NWIG,7,3,0.798333,468,7,302.324
Adult,NWIG,7,4,0.785,460,7,299.724
Adult,NWIG,7,5,0.793333,494,7,332.306
Adult,NWIG,7,6,0.798333,480,7,284.281
Adult,NWIG,7,7,0.796667,428,7,340.175
Adult,NWIG,7,8,0.8,439,7,353.77
Adult,NWIG,7,9,0.816667,430,7,301.679
Adult,NWIG,7,10,0.806667,520,7,277.654
Adult,NWIG,7,11,0.788333,405,7,302.324
Adult,NWIG,7,12,0.788333,524,7,297.64
Adult,NWIG,7,13,0.815,500,7,310.41
Adult,NWIG,7,14,0.773333,496,7,255.178
Adult,NWIG,7,15,0.785,481,7,318.95
Adult,NWIG,7,16,0.771667,436,7,311.003
Adult,NWIG,7,17,0.805,492,7,290.424
Adult,NWIG,7,18,0.808333,432,7,312.776
Adult,NWIG,7,19,0.828333,485,7,254.339
Adult,NWIG,7,20,0.785,468,7,312.909
Iris,NWIG,7,1,1,15,5,0
Iris,NWIG,7,2,0.933333,15,5,10.483
Iris,NWIG,7,3,0.733333,17,5,5.195
Iris,NWIG,7,4,0.9,19,5,8.704
Iris,NWIG,7,5,1,21,5,7.609
Iris,NWIG,7,6,0.9,15,5,7.265
Iris,NWIG,7,7,0.866667,17,5,7.01
Iris,NWIG,7,8,0.966667,15,5,8.548
Iris,NWIG,7,9,0.933333,15,5,0
Iris,NWIG,7,10,0.966667,19,5,13.787
Iris,NWIG,7,11,0.933333,15,5,8.135
Iris,NWIG,7,12,0.966667,17,5,8.017
Iris,NWIG,7,13,0.933333,15,5,9.875
Iris,NWIG,7,14,0.9,17,5,6.688
Iris,NWIG,7,15,0.966667,17,5,8.318
Iris,NWIG,7,16,0.933333,15,5,0
Iris,NWIG,7,17,0.866667,19,5,12.242
Iris,NWIG,7,18,0.9,23,5,6.028
Iris,NWIG,7,19,0.933333,19,5,6.079
Iris,NWIG,7,20,0.966667,15,5,0
Adult,NWIG,10,1,0.798333,903,10,306.277
Adult,NWIG,10,2,0.771667,887,10,358.42
Adult,NWIG,10,3,0.758333,951,10,414.167
Adult,NWIG,10,4,0.783333,875,10,315.397
Adult,NWIG,10,5,0.801667,871,10,363.971
Adult,NWIG,10,6,0.788333,886,10,346.888
Adult,NWIG,10,7,0.768333,917,10,335.495
Adult,NWIG,10,8,0.78,896,10,344.372
Adult,NWIG,10,9,0.798333,960,10,328.931
Adult,NWIG,10,10,0.795,897,10,338.379
Adult,NWIG,10,11,0.785,860,10,358.315
Adult,NWIG,10,12,0.796667,885,10,332.729
Adult,NWIG,10,13,0.815,921,10,319.408
Adult,NWIG,10,14,0.765,908,10,339.213
Adult,NWIG,10,15,0.783333,921,10,306.012
Adult,NWIG,10,16,0.775,883,10,367.628
Adult,NWIG,10,17,0.778333,879,10,339.748
Adult,NWIG,10,18,0.76,882,10,334.147
Adult,NWIG,10,19,0.801667,902,10,338.053
Adult,NWIG,10,20,0.771667,895,10,347.338
Iris,NWIG,10,1,0.866667,19,5,9.088
Iris,NWIG,10,2,0.933333,17,5,6.484
Iris,NWIG,10,3,0.9,15,5,5.046
Iris,NWIG,10,4,1,15,5,12.468
Iris,NWIG,10,5,0.866667,17,5,6.296
Iris,NWIG,10,6,1,15,5,0
Iris,NWIG,10,7,1,15,5,12.722
Iris,NWIG,10,8,0.933333,17,5,6.013
Iris,NWIG,10,9,0.9,15,5,8.014
Iris,NWIG,10,10,0.8,13,5,6.552
Iris,NWIG,10,11,1,17,5,13.858
Iris,NWIG,10,12,1,15,5,5.813
Iris,NWIG,10,13,0.933333,19,5,7.799
Iris,NWIG,10,14,0.9,15,5,8.359
Iris,NWIG,10,15,0.9,15,5,8.528
Iris,NWIG,10,16,0.7,15,5,0
Iris,NWIG,10,17,0.866667,13,5,8.156
Iris,NWIG,10,18,0.866667,15,5,8.126
Iris,NWIG,10,19,0.933333,15,5,8.282
Iris,NWIG,10,20,0.866667,19,5,0
Adult,NWIG,12,1,0.803333,1069,12,360.582
Adult,NWIG,12,2,0.75,1052,12,316.969
Adult,NWIG,12,3,0.8,1062,12,396.523
Adult,NWIG,12,4,0.795,1023,12,319.468
Adult,NWIG,12,5,0.78,1066,12,312.545
Adult,NWIG,12,6,0.791667,1091,12,375.38
Adult,NWIG,12,7,0.81,1043,12,359.392
Adult,NWIG,12,8,0.748333,1011,12,323.275
Adult,NWIG,12,9,0.813333,1113,12,333.391
Adult,NWIG,12,10,0.763333,1055,12,358.044
Adult,NWIG,12,11,0.811667,1057,12,379.37
Adult,NWIG,12,12,0.811667,1049,12,300.629
Adult,NWIG,12,13,0.793333,1105,12,392.117
Adult,NWIG,12,14,0.768333,1062,12,353.155
Adult,NWIG,12,15,0.78,1091,12,358.65
Adult,NWIG,12,16,0.813333,1094,12,329.544
Adult,NWIG,12,17,0.801667,1061,12,398.365
Adult,NWIG,12,18,0.771667,1074,12,347.969
Adult,NWIG,12,19,0.765,1071,12,328.58
Adult,NWIG,12,20,0.79,1041,12,299.037
Iris,NWIG,12,1,0.966667,25,5,5.74
Iris,NWIG,12,2,0.833333,15,5,6.466
Iris,NWIG,12,3,1,15,5,7.719
Iris,NWIG,12,4,1,15,5,3.75
Iris,NWIG,12,5,0.933333,17,5,0
Iris,NWIG,12,6,0.9,15,5,17.526
Iris,NWIG,12,7,0.933333,15,5,5.751
Iris,NWIG,12,8,0.933333,19,5,5.007
Iris,NWIG,12,9,0.9,19,5,8.141
Iris,NWIG,12,10,0.966667,15,5,0
Iris,NWIG,12,11,0.833333,15,5,0
Iris,NWIG,12,12,0.966667,17,5,9.383
Iris,NWIG,12,13,0.9,15,5,7.263
Iris,NWIG,12,14,0.966667,15,5,8.065
Iris,NWIG,12,15,0.966667,17,5,8.061
Iris,NWIG,12,16,0.933333,19,5,15.745
Iris,NWIG,12,17,1,15,5,0
Iris,NWIG,12,18,1,15,5,17.844
Iris,NWIG,12,19,0.966667,17,5,13.823
Iris,NWIG,12,20,0.966667,15,5,0
Adult,NWIG,15,1,0.808333,1197,15,366.689
Adult,NWIG,15,2,0.786667,1263,15,366.096
Adult,NWIG,15,3,0.778333,1280,15,366.508
Adult,NWIG,15,4,0.796667,1267,15,367.503
Adult,NWIG,15,5,0.8,1331,15,329.469
Adult,NWIG,15,6,0.805,1238,15,348.406
Adult,NWIG,15,7,0.766667,1256,15,360.445
Adult,NWIG,15,8,0.776667,1240,15,366.672
Adult,NWIG,15,9,0.76,1195,15,375.819
Adult,NWIG,15,10,0.78,1164,15,365.669
Adult,NWIG,15,11,0.801667,1275,15,317.413
Adult,NWIG,15,12,0.773333,1305,15,330.307
Adult,NWIG,15,13,0.758333,1210,15,296.979
Adult,NWIG,15,14,0.8,1232,15,317.261
Adult,NWIG,15,15,0.835,1280,15,347.068
Adult,NWIG,15,16,0.786667,1246,15,319.453
Adult,NWIG,15,17,0.771667,1283,15,380.378
Adult,NWIG,15,18,0.8,1274,15,349.639
Adult,NWIG,15,19,0.805,1238,15,361.659
Adult,NWIG,15,20,0.795,1230,15,324.33
Iris,NWIG,15,1,0.8,17,5,0
Iris,NWIG,15,2,0.9,17,5,16.252
Iris,NWIG,15,3,0.933333,15,5,8.217
Iris,NWIG,15,4,0.966667,21,5,6.45
Iris,NWIG,15,5,0.866667,17,5,8.022
Iris,NWIG,15,6,0.966667,17,5,0
Iris,NWIG,15,7,0.866667,17,5,0
Iris,NWIG,15,8,1,17,5,19.858
Iris,NWIG,15,9,0.966667,15,5,12.802
Iris,NWIG,15,10,0.933333,13,5,9.133
Iris,NWIG,15,11,0.9,17,5,8.013
Iris,NWIG,15,12,0.933333,15,5,6.835
Iris,NWIG,15,13,0.933333,15,5,11.115
Iris,NWIG,15,14,0.9,25,5,8.219
Iris,NWIG,15,15,0.9,19,5,8.023
Iris,NWIG,15,16,0.866667,13,5,0
Iris,NWIG,15,17,0.966667,17,5,6.012
Iris,NWIG,15,18,0.9,23,5,8.009
Iris,NWIG,15,19,0.9,17,5,5.748
Iris,NWIG,15,20,1,19,5,5.748
